0, Wed Nov 14 10:52:01 EST 2018, Wed Nov 14 10:52:06 EST 2018, 17920, 22476, Wed Nov 14 10:52:24 EST 2018,Wed Nov 14 10:52:03 EST 2018
100003, Wed Nov 14 10:52:13 EST 2018, Wed Nov 14 10:52:18 EST 2018, 46622, 51695, Wed Nov 14 10:53:04 EST 2018,Wed Nov 14 10:52:03 EST 2018
100002, Wed Nov 14 10:52:08 EST 2018, Wed Nov 14 10:52:11 EST 2018, 57952, 61315, Wed Nov 14 10:53:09 EST 2018,Wed Nov 14 10:52:03 EST 2018
1, Wed Nov 14 10:52:31 EST 2018, Wed Nov 14 10:52:41 EST 2018, 34923, 44941, Wed Nov 14 10:53:16 EST 2018,Wed Nov 14 10:52:03 EST 2018
2, Wed Nov 14 10:53:01 EST 2018, Wed Nov 14 10:53:06 EST 2018, 21999, 27438, Wed Nov 14 10:53:28 EST 2018,Wed Nov 14 10:52:03 EST 2018
100001, Wed Nov 14 10:52:03 EST 2018, Wed Nov 14 10:52:06 EST 2018, 90310, 93507, Wed Nov 14 10:53:36 EST 2018,Wed Nov 14 10:52:03 EST 2018
100004, Wed Nov 14 10:52:14 EST 2018, Wed Nov 14 10:53:06 EST 2018, 39957, 92798, Wed Nov 14 10:53:46 EST 2018,Wed Nov 14 10:52:03 EST 2018
100000, Wed Nov 14 10:52:01 EST 2018, Wed Nov 14 10:52:07 EST 2018, 108003, 113676, Wed Nov 14 10:53:55 EST 2018,Wed Nov 14 10:52:03 EST 2018
3, Wed Nov 14 10:53:31 EST 2018, Wed Nov 14 10:53:38 EST 2018, 19155, 26206, Wed Nov 14 10:53:57 EST 2018,Wed Nov 14 10:52:03 EST 2018
4, Wed Nov 14 10:54:01 EST 2018, Wed Nov 14 10:54:04 EST 2018, 16109, 18747, Wed Nov 14 10:54:20 EST 2018,Wed Nov 14 10:52:03 EST 2018
5, Wed Nov 14 10:54:31 EST 2018, Wed Nov 14 10:54:33 EST 2018, 16050, 18295, Wed Nov 14 10:54:49 EST 2018,Wed Nov 14 10:52:03 EST 2018
6, Wed Nov 14 10:55:01 EST 2018, Wed Nov 14 10:55:03 EST 2018, 16068, 17961, Wed Nov 14 10:55:19 EST 2018,Wed Nov 14 10:52:03 EST 2018
7, Wed Nov 14 10:55:31 EST 2018, Wed Nov 14 10:55:34 EST 2018, 16023, 18797, Wed Nov 14 10:55:50 EST 2018,Wed Nov 14 10:52:03 EST 2018
8, Wed Nov 14 10:56:01 EST 2018, Wed Nov 14 10:56:03 EST 2018, 16010, 18685, Wed Nov 14 10:56:19 EST 2018,Wed Nov 14 10:52:03 EST 2018
9, Wed Nov 14 10:56:31 EST 2018, Wed Nov 14 10:56:33 EST 2018, 16517, 18995, Wed Nov 14 10:56:50 EST 2018,Wed Nov 14 10:52:03 EST 2018
